{"cameraMode":{"drawMode":0,"name":"Shaded","section":"Shading Mode"},"sceneLighting":false,"audioPlay":false,"sceneViewState":{"showFog":true,"showMaterialUpdate":true,"showSkybox":false,"showFlares":true,"showImageEffects":true,"showParticleSystems":true},"in2DMode":false,"pivot":{"x":7.450580596923828e-9,"y":0.028891339898109437,"z":0.0002165287733078003},"rotation":{"x":0.18709732592105866,"y":0.4918476641178131,"z":-0.10912146419286728,"w":0.8433120250701904},"size":0.46949487924575808,"orthographic":false}