{"cameraMode":{"drawMode":0,"name":"Shaded","section":"Shading Mode"},"sceneLighting":true,"audioPlay":false,"sceneViewState":{"showFog":true,"showMaterialUpdate":true,"showSkybox":true,"showFlares":true,"showImageEffects":true,"showParticleSystems":true},"in2DMode":false,"pivot":{"x":5.096360683441162,"y":0.038518715649843219,"z":6.500190258026123},"rotation":{"x":0.18709732592105866,"y":0.4918476641178131,"z":-0.10912146419286728,"w":0.8433120250701904},"size":0.18108417093753816,"orthographic":false}