{"cameraMode":{"drawMode":0,"name":"Shaded","section":"Shading Mode"},"sceneLighting":true,"audioPlay":false,"sceneViewState":{"showFog":true,"showMaterialUpdate":true,"showSkybox":true,"showFlares":true,"showImageEffects":true,"showParticleSystems":true},"in2DMode":false,"pivot":{"x":4.661581516265869,"y":-1.2649421691894532,"z":5.820220947265625},"rotation":{"x":0.23479922115802766,"y":0.499290406703949,"z":-0.1426677107810974,"w":0.8217219710350037},"size":6.181085109710693,"orthographic":false}