{"cameraMode":{"drawMode":0,"name":"Shaded","section":"Shading Mode"},"sceneLighting":false,"audioPlay":false,"sceneViewState":{"showFog":true,"showMaterialUpdate":true,"showSkybox":false,"showFlares":true,"showImageEffects":true,"showParticleSystems":true},"in2DMode":false,"pivot":{"x":0.00909423828125,"y":0.0927734375,"z":0.06458115577697754},"rotation":{"x":0.07523199915885925,"y":0.702468752861023,"z":-0.07509705424308777,"w":0.7037316560745239},"size":0.1893099695444107,"orthographic":true}