{"cameraMode":{"drawMode":0,"name":"Shaded","section":"Shading Mode"},"sceneLighting":true,"audioPlay":false,"sceneViewState":{"showFog":true,"showMaterialUpdate":true,"showSkybox":true,"showFlares":true,"showImageEffects":true,"showParticleSystems":true},"in2DMode":false,"pivot":{"x":0.9435904026031494,"y":4.18977689743042,"z":2.3032455444335939},"rotation":{"x":0.18709732592105866,"y":0.4918476641178131,"z":-0.10912146419286728,"w":0.8433120250701904},"size":3.1240689754486086,"orthographic":false}