{"cameraMode":{"drawMode":0,"name":"Shaded","section":"Shading Mode"},"sceneLighting":true,"audioPlay":false,"sceneViewState":{"showFog":true,"showMaterialUpdate":true,"showSkybox":true,"showFlares":true,"showImageEffects":true,"showParticleSystems":true},"in2DMode":false,"pivot":{"x":5.006051540374756,"y":-1.4527959823608399,"z":4.7737016677856449},"rotation":{"x":0.2341291457414627,"y":0.540307879447937,"z":-0.15966162085533143,"w":0.7923140525817871},"size":6.181085109710693,"orthographic":false}